{"target": -3.5036981888310876, "params": {"cutprob_ratio": 2.445834360422931, "div_fraction": 0.14877497685549018, "elite_fraction": 0.30363575703854845, "gcprob": 0.8509310670571515, "mu": 77.93970123008161, "mutprob": 0.4259925319520444, "offspring_ratio": 1.5534427075743447, "trn_fraction": 0.6598891349985256}, "datetime": {"datetime": "2022-05-05 19:44:35", "elapsed": 0.0, "delta": 0.0}}
