{"target": -4.358380612527868, "params": {"gcprob": 0.6380786045173688, "mutprob": 0.06422973116280872, "pcprob": 0.5895151671433828, "trnsize": 7.169221037678329}, "datetime": {"datetime": "2022-05-04 19:01:58", "elapsed": 0.0, "delta": 0.0}}
